{
  "project_info": {
    "project_number": "220929339777",
    "firebase_url": "https://instatest-db50f.firebaseio.com",
    "project_id": "instatest-db50f",
    "storage_bucket": "instatest-db50f.appspot.com"
  },
  "client": [
    {
      "client_info": {
        "mobilesdk_app_id": "1:220929339777:android:86fd3f6f57435af77db880",
        "android_client_info": {
          "package_name": "com.socialapp"
        }
      },
      "oauth_client": [
        {
          "client_id": "220929339777-29m76t8n41ohlvqlooh1kdavv7ime5v9.apps.googleusercontent.com",
          "client_type": 3
        }
      ],
      "api_key": [
        {
          "current_key": "AIzaSyCewX6md4t-afba-XYS97fXI2sqi5cQR50"
        }
      ],
      "services": {
        "appinvite_service": {
          "other_platform_oauth_client": [
            {
              "client_id": "220929339777-29m76t8n41ohlvqlooh1kdavv7ime5v9.apps.googleusercontent.com",
              "client_type": 3
            }
          ]
        }
      }
    }
  ],
  "configuration_version": "1"
}